Driver,Team,QualGrid,Top3_Probability,Predicted_Top3,Predicted_Position
VER,Red Bull Racing,1,0.9849121884277102,1,1
PER,Red Bull Racing,7,0.9358524249757927,1,2
HAM,Mercedes,2,0.9157284453413804,1,3
RUS,Mercedes,5,0.8632198266903006,1,4
SAI,Ferrari,4,0.5638834275342692,1,5
LEC,Ferrari,3,0.4781685458216388,0,6
NOR,McLaren,6,0.1751799175802444,0,7
PIA,McLaren,9,0.14940509087400927,0,8
ALO,Aston Martin,8,0.0967321336068871,0,9
ALB,Williams,10,0.05030135130434457,0,10
